<?xml version="1.0" encoding="UTF-8"?>
<!--
 ~ Hibernate Search, full-text search for your domain model
 ~
 ~ License: GNU Lesser General Public License (LGPL), version 2.1 or later
 ~ See the lgpl.txt file in the root directory or <http://www.gnu.org/licenses/lgpl-2.1.html>.
  -->
<!DOCTYPE module PUBLIC "-//Puppy Crawl//DTD Check Configuration 1.2//EN"
        "http://www.puppycrawl.com/dtds/configuration_1_2.dtd">

<module name="Checker">

    <module name="Header">
        <property name="header" value="/*\n * Hibernate Search, full-text search for your domain model\n *\n * License: GNU Lesser General Public License (LGPL), version 2.1 or later\n * See the lgpl.txt file in the root directory or &lt;http://www.gnu.org/licenses/lgpl-2.1.html&gt;.\n */"/>
        <property name="fileExtensions" value="java"/>
    </module>

    <module name="Header">
        <property name="header" value="&lt;?xml version=&quot;1.0&quot; encoding=&quot;UTF-8&quot;?&gt;\n&lt;!--\n ~ Hibernate Search, full-text search for your domain model\n ~\n ~ License: GNU Lesser General Public License (LGPL), version 2.1 or later\n ~ See the lgpl.txt file in the root directory or &lt;http://www.gnu.org/licenses/lgpl-2.1.html&gt;.\n  --&gt;"/>
        <property name="fileExtensions" value="xml"/>
    </module>

    <module name="TreeWalker">
        <property name="cacheFile" value="${checkstyle.cache.file}" />

        <!-- Use tabs -->
        <module name="RegexpSinglelineJava">
            <property name="format" value="^\t* +\t*\S" />
            <property name="message" value="Line has leading space characters; indentation should be performed with tabs only." />
            <property name="ignoreComments" value="true" />
        </module>

        <!-- Check parentheses padding -->
        <module name="RegexpSinglelineJava">
            <property name="format" value="^\t+(if|for|while|catch)([^ ])\(" />
            <property name="message" value="Left parentheses should be preceeded by 1 whitespace" />
            <property name="ignoreComments" value="true" />
        </module>

        <module name="RegexpSinglelineJava">
            <property name="format" value="^\t+(if|for|while) \( .+[^ ]\) \{$" />
            <property name="message" value="Right parentheses should be preceeded by 1 white space" />
            <property name="ignoreComments" value="true" />
        </module>

        <module name="RegexpSinglelineJava">
            <property name="format" value="^\t+(if|for|while) \([^ $]" />
            <property name="message" value="Left parentheses should be followed by 1 whitespace" />
            <property name="ignoreComments" value="true" />
        </module>

        <module name="RegexpSinglelineJava">
            <property name="format" value="\)([^ ])\{$" />
            <property name="message" value="Right parentheses should be followed by 1 white space" />
            <property name="ignoreComments" value="true" />
        </module>

        <module name="RegexpSinglelineJava">
            <property name="format" value="catch \([^\w]" />
            <property name="message" value="'catch' clause does not require white space after left parentheses" />
            <property name="ignoreComments" value="true" />
        </module>

        <module name="RegexpSinglelineJava">
            <property name="format" value="catch \(.*\s\) \{" />
            <property name="message" value="'catch' clause does not require white space before right parentheses" />
            <property name="ignoreComments" value="true" />
        </module>

        <module name="RegexpSinglelineJava">
            <property name="format" value="\)\s+;$" />
            <property name="message" value="Unecessary whitespace after parentheses" />
            <property name="ignoreComments" value="true" />
        </module>

       <!-- Checks for imports -->
        <module name="AvoidStarImport" />
        <module name="RedundantImport" />
        <module name="UnusedImports" />

        <!-- Checks for common coding problems -->
        <module name="EqualsHashCode" />
        <module name="IllegalInstantiation" />

        <!-- Miscellaneous other checks. -->
        <module name="ModifierOrder" />
        <module name="GenericWhitespace" />
        <module name="PackageAnnotation" />
        <module name="CovariantEquals" />
        <module name="ModifiedControlVariable" />
        <module name="NeedBraces" />
        <module name="OneStatementPerLine" />
        <module name="EmptyStatement" />
        <module name="DefaultComesLast" />
        <module name="WhitespaceAround" />
        <module name="TypecastParenPad" />
        <module name="HideUtilityClassConstructor"/>
        <module name="MutableException"/>
        <module name="CovariantEquals" />
        <module name="EqualsAvoidNull" />

        <!-- <module name="DeclarationOrder" /> -->
        <module name="RedundantModifier"/>
        <module name="MissingOverride"/>

        <module name="MethodParamPad">
            <property name="option" value="nospace" />
            <property name="allowLineBreaks" value="false" />
        </module>

        <!-- Checks for blocks. You know, those {}'s -->
        <module name="LeftCurly">
            <property name="option" value="eol" />
        </module>
        <module name="RightCurly">
            <property name="option" value="alone" />
        </module>

        <module name="ParenPad">
            <property name="tokens" value="CTOR_CALL, METHOD_CALL, SUPER_CTOR_CALL" />
            <property name="option" value="space" />
        </module>

        <module name="org.hibernate.checkstyle.checks.regexp.DoubleSpaces">
            <property name="ignoreComments" value="true" />
            <property name="ignoreStrings" value="true" />
        </module>

        <!-- WARN, ERROR and INFO Logging severity levels should be used exclusively via the methods which allow i18 -->
        <module name="RegexpSinglelineJava">
            <property name="format" value="log\.((error)|(warn)|(info))\(" />
            <!-- The last sentence of the message is a keyword to trigger exclusion: see ExcludeTestPackages -->
            <property name="message" value="'log.error()', warn() and info() should never be used. [not required for tests]" />
            <property name="ignoreComments" value="true" />
        </module>

        <module name="RegexpSinglelineJava">
            <property name="format" value="System\.(out)|(err)\.print(ln)?\(" />
            <!-- The last sentence of the message is a keyword to trigger exclusion: see ExcludeTestPackages -->
            <property name="message" value="Not allowed to print to System.out: if you're damn sure you want it, disable Checkstyle on this line. [not required for tests]" />
            <property name="ignoreComments" value="true" />
        </module>

        <!-- Nobody should be using StringBuffer anymore -->
        <module name="RegexpSinglelineJava">
            <property name="format" value=" StringBuffer" />
            <!-- The last sentence of the message is a keyword to trigger exclusion: see ExcludeTestPackages -->
            <property name="message" value="Nobody should be using StringBuffer anymore" />
        </module>

        <!-- Required to get SuppressionCommentFilter to work -->
        <module name="FileContentsHolder" />

        <!--  Avoid some import statements -->
        <module name="IllegalImport">
            <property name="illegalPkgs" value="java.awt, sun, org.slf4j"/>
        </module>
        <module name="org.hibernate.checkstyle.checks.regexp.IllegalImport">
            <property name="illegalClassnames" value="org.jgroups.util.Util.assertTrue, org.jgroups.util.Util.assertFalse, org.jgroups.util.Util.assertNotNull, junit.framework.Assert" />
            <property name="message" value="Stop using the Util class from JGroups for assertions which should use JUnit!" />
        </module>
        <module name="org.hibernate.checkstyle.checks.regexp.IllegalImport">
            <property name="illegalClassnames" value="org.hibernate.annotations.common.util.StringHelper" />
            <property name="message" value="Stop using the StringHelper from commons-annotations: use org.hibernate.search.util.StringHelper." />
        </module>
        <module name="org.hibernate.checkstyle.checks.regexp.IllegalImport">
            <property name="illegalClassnames" value="org.hibernate.annotations.common.AssertionFailure" />
            <property name="message" value="Stop using the AssertionFailure from commons-annotations." />
        </module>
        <module name="org.hibernate.checkstyle.checks.regexp.IllegalImport">
            <property name="illegalClassnames" value="org.jboss.logging.Cause, org.jboss.logging.LogMessage, org.jboss.logging.Message, org.jboss.logging.MessageLogger" />
            <property name="message" value="Stop using the deprecated annotations for JBoss Logger: migrate to org.jboss.logging.annotations.*" />
        </module>

    </module>

    <module name="org.hibernate.checkstyle.filters.ExcludeTestPackages" />

    <module name="RegexpSingleline">
        <property name="format" value="\s+$" />
        <property name="message" value="White spaces at the end of line" />
    </module>

    <module name="RegexpSingleline">
        <!-- not using an "illegal import" rule as the java.lang package doesn't need to be imported -->
        <property name="format" value="\s+throw new AssertionError\(" />
        <property name="message" value="Avoid throwing 'AssertionError': use org.hibernate.search.exception.AssertionFailure" />
    </module>

    <module name="SuppressionCommentFilter" />

    <module name="SuppressionFilter">
        <property name="file" value="/suppressions.xml" />
    </module>

</module>
