<?xml version='1.0' encoding='UTF-8'?>
<!--
 ~ Hibernate Search, full-text search for your domain model
 ~
 ~ License: GNU Lesser General Public License (LGPL), version 2.1 or later
 ~ See the lgpl.txt file in the root directory or <http://www.gnu.org/licenses/lgpl-2.1.html>.
  -->

<!--
  When updating this file, make sure we don't include duplicate jars in different subdirectories.
  Generate the distribution preview to see how it looks like:
   mvn clean package assembly:assembly -DskipTests=true
  To inspect which jars are being distributed and look for duplicates this might be handy:
   tar -ztvf target/*-dist.tar.gz  | grep .jar | sed -e "s/.*\/dist//" -e "s/\(\/lib\/[^\/]*\)\/\(.*\)/\2 \t\t\t\1/" | sort
 -->
<assembly>
    <id>dist</id>
    <formats>
        <format>tar.gz</format>
        <format>zip</format>
        <format>dir</format>
    </formats>

    <!-- Configure the module artifacts which make it into the distribution bundle -->
    <!-- first the actual project artifacts -->
    <dependencySets>
        <dependencySet>
            <outputDirectory>dist</outputDirectory>
            <includes>
                <include>org.hibernate:hibernate-search-engine</include>
                <include>org.hibernate:hibernate-search-orm</include>
            </includes>
        </dependencySet>

        <dependencySet>
            <outputDirectory>dist/lib/required</outputDirectory>
            <scope>runtime</scope>
            <useTransitiveDependencies>true</useTransitiveDependencies>
            <useTransitiveFiltering>true</useTransitiveFiltering>
            <includes>
                <!-- hibernate-search-engine -->
                <include>org.apache.lucene:lucene-core</include>
                <include>org.hibernate.common:hibernate-commons-annotations</include>
                <include>org.jboss.logging:jboss-logging</include>

                <!-- hibernate-search-orm -->
                <include>org.hibernate:hibernate-core</include>
                <include>dom4j:dom4j</include>
                <include>javassist:javassist</include>
            </includes>
            <excludes>
                <exclude>org.jboss:jandex</exclude>
            </excludes>
        </dependencySet>

        <dependencySet>
            <outputDirectory>dist/lib/optional/jpa</outputDirectory>
            <scope>runtime</scope>
            <useTransitiveDependencies>true</useTransitiveDependencies>
            <useTransitiveFiltering>true</useTransitiveFiltering>
            <includes>
                <include>org.hibernate:hibernate-entitymanager</include>
            </includes>
            <excludes>
                <exclude>dom4j:*</exclude>
                <exclude>javassist:javassist</exclude>
            </excludes>
        </dependencySet>

        <dependencySet>
            <outputDirectory>dist/lib/optional/analyzers</outputDirectory>
            <scope>runtime</scope>
            <useTransitiveDependencies>true</useTransitiveDependencies>
            <useTransitiveFiltering>true</useTransitiveFiltering>
            <includes>
                <include>org.apache.lucene:lucene-analyzers</include>
            </includes>
        </dependencySet>

        <dependencySet>
            <outputDirectory>dist/lib/optional/tika</outputDirectory>
            <scope>runtime</scope>
            <useTransitiveDependencies>true</useTransitiveDependencies>
            <useTransitiveFiltering>true</useTransitiveFiltering>
            <includes>
                <include>org.apache.tika:tika-parsers</include>
            </includes>
        </dependencySet>

        <dependencySet>
            <outputDirectory>dist/lib/optional/clustering/backend-jgroups</outputDirectory>
            <scope>runtime</scope>
            <useTransitiveDependencies>true</useTransitiveDependencies>
            <useTransitiveFiltering>true</useTransitiveFiltering>
            <includes>
                <include>org.hibernate:hibernate-search-backend-jgroups</include>
                <include>org.jgroups:jgroups</include>
            </includes>
        </dependencySet>

        <dependencySet>
            <outputDirectory>dist/lib/optional/clustering/backend-jms</outputDirectory>
            <scope>runtime</scope>
            <useTransitiveDependencies>true</useTransitiveDependencies>
            <useTransitiveFiltering>true</useTransitiveFiltering>
            <includes>
                <include>org.hibernate:hibernate-search-backend-jms</include>
            </includes>
        </dependencySet>

        <dependencySet>
            <outputDirectory>dist/lib/optional/clustering/serialization-avro</outputDirectory>
            <scope>runtime</scope>
            <useTransitiveDependencies>true</useTransitiveDependencies>
            <useTransitiveFiltering>true</useTransitiveFiltering>
            <includes>
                <include>org.hibernate:hibernate-search-serialization-avro</include>
                <include>org.apache.avro:avro</include>
            </includes>
        </dependencySet>

        <dependencySet>
            <useProjectArtifact>false</useProjectArtifact>
            <outputDirectory>/dist/lib/provided</outputDirectory>
            <scope>provided</scope>
            <includes>
                <include>org.jboss.spec.javax.jms:*</include>
                <include>org.jboss.spec.javax.annotation:*</include>
                <include>org.hibernate.javax.persistence:*</include>
                <include>org.jboss.spec.javax.transaction:*</include>
            </includes>
        </dependencySet>

    </dependencySets>

    <files>
        <file>
            <source>../README.md</source>
            <outputDirectory>/</outputDirectory>
            <filtered>true</filtered>
        </file>
        <file>
            <source>../lgpl.txt</source>
            <outputDirectory>/</outputDirectory>
        </file>
        <file>
            <source>../changelog.txt</source>
            <outputDirectory>/</outputDirectory>
        </file>
        <file>
            <source>../copyright.txt</source>
            <outputDirectory>/</outputDirectory>
        </file>
        <file>
            <source>../infinispan/moved.txt</source>
            <!-- The following path is where we used to distribute the Infinispan integration -->
            <outputDirectory>dist/lib/optional/clustering/directory-infinispan</outputDirectory>
        </file>
    </files>

    <fileSets>
        <!-- Include all sources -->
        <fileSet>
            <directory>..</directory>
            <outputDirectory>project</outputDirectory>
            <useDefaultExcludes>true</useDefaultExcludes>
            <excludes>
                <exclude>.git</exclude>
                <exclude>*.log</exclude>
                <exclude>*.sh</exclude>
                <exclude>**/.gitignore</exclude>
                <exclude>**/.settings/**</exclude>
                <exclude>**/.project</exclude>
                <exclude>**/.classpath</exclude>
                <exclude>**/.externalToolBuilders/**</exclude>
                <exclude>**/target/**</exclude>
                <exclude>**/.idea/**</exclude>
                <exclude>**/*.iml</exclude>
                <exclude>atlassian-ide-plugin.xml</exclude>
                <exclude>.sonar-ide.properties</exclude>
            </excludes>
        </fileSet>

        <!-- Include documentation -->
        <fileSet>
            <directory>target/site/apidocs</directory>
            <outputDirectory>docs/api</outputDirectory>
        </fileSet>
        <fileSet>
            <directory>../documentation/target/docbook/publish</directory>
            <outputDirectory>docs/reference</outputDirectory>
        </fileSet>
    </fileSets>

</assembly>
